Actual,Predicted,error,ape
58,69.991745,-11.991744995117188,0.2067542240537446
45,78.11013,-33.110130310058594,0.7357806735568576
75,73.65478,1.3452224731445312,0.017936299641927084
50,63.864914,-13.864913940429688,0.27729827880859376
100,93.736626,6.263374328613281,0.06263374328613282
50,54.586227,-4.5862274169921875,0.09172454833984375
100,77.9433,22.05670166015625,0.2205670166015625
100,91.242744,8.757255554199219,0.08757255554199218
67,66.91884,0.0811614990234375,0.0012113656570662313
75,53.223927,21.776073455810547,0.29034764607747393
59,48.226658,10.77334213256836,0.18259901919607388
75,75.589,-0.5889968872070312,0.007853291829427083
41,56.780712,-15.780712127685547,0.38489541774842795
50,73.22355,-23.223548889160156,0.4644709777832031
50,57.737988,-7.737987518310547,0.15475975036621092
50,53.382088,-3.3820877075195312,0.06764175415039063
41,67.38911,-26.38910675048828,0.6436367500119093
50,50.770184,-0.7701835632324219,0.015403671264648438
134,55.963722,78.0362777709961,0.5823602818731052
50,49.912975,0.08702468872070312,0.0017404937744140625
50,69.714775,-19.71477508544922,0.39429550170898436
75,79.31751,-4.317512512207031,0.05756683349609375
108,69.13929,38.86071014404297,0.3598213902226201
125,95.498116,29.50188446044922,0.23601507568359376
50,52.668446,-2.668445587158203,0.05336891174316406
80,61.026474,18.973526000976562,0.23716907501220702
75,85.85799,-10.857986450195312,0.14477315266927082
50,54.423714,-4.423713684082031,0.08847427368164062
50,81.768135,-31.76813507080078,0.6353627014160156
42,47.18565,-5.185649871826172,0.12346785409109932
50,51.194267,-1.1942672729492188,0.023885345458984374
58,94.891525,-36.89152526855469,0.6360607804923222
75,74.89569,0.10430908203125,0.0013907877604166666
84,66.40597,17.594032287597656,0.20945276532854354
83,59.878693,23.121307373046875,0.27856996834996234
52,55.13471,-3.1347084045410156,0.06028285393348107
62,60.49867,1.5013313293457031,0.024215021441059727
42,77.99863,-35.998626708984375,0.8571101597377232
75,86.85076,-11.850761413574219,0.15801015218098957
125,96.37927,28.6207275390625,0.2289658203125
41,45.432175,-4.4321746826171875,0.10810182152724848
50,52.829617,-2.8296165466308594,0.05659233093261719
91,80.67616,10.323837280273438,0.11344876132168613
125,100.38824,24.61176300048828,0.19689410400390625
66,51.886868,14.11313247680664,0.21383534055767636
50,60.08709,-10.087089538574219,0.20174179077148438
50,50.87774,-0.8777389526367188,0.017554779052734375
83,52.58047,30.41952896118164,0.3665003489298993
125,62.958385,62.0416145324707,0.4963329162597656
42,50.63838,-8.638378143310547,0.20567567007882254
50,81.19915,-31.19915008544922,0.6239830017089844
41,51.626133,-10.62613296508789,0.2591739747582412
42,55.342316,-13.342315673828125,0.31767418271019343
50,64.441376,-14.441375732421875,0.2888275146484375
50,51.097546,-1.0975456237792969,0.021950912475585938
100,55.87853,44.1214714050293,0.44121471405029294
58,78.84897,-20.848968505859375,0.35946497423895474
50,61.980103,-11.9801025390625,0.23960205078125
75,51.363037,23.636962890625,0.31515950520833336
42,54.7408,-12.740798950195312,0.30335235595703125
50,52.181828,-2.1818275451660156,0.04363655090332031
42,49.54878,-7.548778533935547,0.17973282223656065
66,68.59061,-2.590606689453125,0.03925161650686553
66,54.85583,11.144168853759766,0.16885104323878433
75,69.95226,5.047737121582031,0.06730316162109375
100,70.15847,29.841529846191406,0.29841529846191406
50,68.78919,-18.78919219970703,0.3757838439941406
50,49.375298,0.6247024536132812,0.012494049072265624
75,57.156624,17.84337615966797,0.23791168212890626
133,69.49205,63.50794982910156,0.477503382173696
116,83.82208,32.17791748046875,0.27739584034886855
125,85.890175,39.109825134277344,0.3128786010742188
41,53.542225,-12.542224884033203,0.30590792400080985
50,61.875202,-11.875202178955078,0.23750404357910157
125,72.39702,52.60298156738281,0.4208238525390625
42,67.68716,-25.687156677246094,0.6115989685058594
100,70.70755,29.292449951171875,0.29292449951171873
41,42.385975,-1.3859748840332031,0.033804265464224464
42,55.974632,-13.974632263183594,0.3327293395996094
100,49.504406,50.4955940246582,0.5049559402465821
91,85.40836,5.591636657714844,0.0614465566781851
100,87.002304,12.997695922851562,0.12997695922851563
42,69.96287,-27.962867736816406,0.6657825651622954
45,53.980316,-8.980316162109375,0.19956258138020833
128,52.22963,75.77037048339844,0.5919560194015503
50,61.411846,-11.411846160888672,0.22823692321777345
100,53.759853,46.24014663696289,0.4624014663696289
42,81.19915,-39.19915008544922,0.9333130972726005
125,57.09926,67.90074157714844,0.5432059326171875
50,54.353504,-4.353504180908203,0.08707008361816407
41,67.03785,-26.03784942626953,0.6350694982016959
75,48.92025,26.079750061035156,0.34773000081380206
100,86.54232,13.457679748535156,0.13457679748535156
50,60.945885,-10.945884704589844,0.21891769409179687
59,59.54635,-0.5463485717773438,0.009260145284361759
48,68.20386,-20.203857421875,0.4209136962890625
138,99.08758,38.91242218017578,0.2819740737693897
50,64.44761,-14.447608947753906,0.28895217895507813
50,68.84642,-18.846420288085938,0.37692840576171877
66,63.640762,2.3592376708984375,0.03574602531664299
50,63.828384,-13.828384399414062,0.27656768798828124
75,70.2832,4.716796875,0.062890625
100,127.72479,-27.72479248046875,0.2772479248046875
75,59.348106,15.651893615722656,0.2086919148763021
50,63.541325,-13.541324615478516,0.2708264923095703
67,83.796,-16.795997619628906,0.2506865316362523
50,61.69845,-11.698448181152344,0.23396896362304687
48,50.995583,-2.9955825805664062,0.0624079704284668
50,95.087555,-45.087554931640625,0.9017510986328126
75,78.80065,-3.8006515502929688,0.05067535400390625
100,68.87015,31.129852294921875,0.3112985229492187
50,44.063828,5.9361724853515625,0.11872344970703125
50,73.51197,-23.51197052001953,0.47023941040039063
50,60.744213,-10.744213104248047,0.21488426208496095
50,62.867294,-12.867294311523438,0.2573458862304687
108,86.4302,21.569801330566406,0.1997203826904297
44,44.483265,-0.4832649230957031,0.010983293706720526
50,60.154194,-10.154193878173828,0.20308387756347657
58,67.1275,-9.12750244140625,0.15737073174838362
125,93.38638,31.613616943359375,0.252908935546875
50,59.86814,-9.868141174316406,0.19736282348632814
100,74.70061,25.299392700195312,0.2529939270019531
50,48.834633,1.1653671264648438,0.023307342529296875
75,71.41752,3.5824813842773438,0.04776641845703125
116,85.72345,30.27655029296875,0.261004743904903
50,59.572845,-9.572845458984375,0.1914569091796875
43,81.97603,-38.97602844238281,0.9064192661019259
50,81.735725,-31.73572540283203,0.6347145080566406
75,57.29169,17.708309173583984,0.23611078898111978
50,67.580444,-17.5804443359375,0.35160888671875
75,77.94507,-2.945068359375,0.039267578125
50,57.088577,-7.0885772705078125,0.14177154541015624
41,53.521133,-12.521133422851562,0.3053934981183308
50,49.23201,0.7679901123046875,0.01535980224609375
50,77.37083,-27.370826721191406,0.5474165344238281
41,47.878963,-6.878963470458984,0.16777959684046304
41,35.624992,5.375007629394531,0.1310977470584032
133,64.219536,68.78046417236328,0.5171463471606261
50,50.98695,-0.9869499206542969,0.019738998413085938
83,49.962963,33.03703689575195,0.3980365891054452
100,58.33493,41.665069580078125,0.41665069580078123
75,78.51487,-3.5148696899414062,0.04686492919921875
84,67.111496,16.888504028320312,0.20105361938476562
75,52.17822,22.821781158447266,0.3042904154459635
50,55.621258,-5.621257781982422,0.11242515563964844
41,53.886753,-12.88675308227539,0.31431105078720467
100,78.77433,21.225669860839844,0.21225669860839844
50,69.34515,-19.34515380859375,0.386903076171875
100,57.464115,42.535884857177734,0.42535884857177736
50,73.349075,-23.349075317382812,0.46698150634765623
83,57.61169,25.388309478759766,0.30588324673204537
75,65.03634,9.963661193847656,0.13284881591796874
116,102.934296,13.065704345703125,0.11263538229054418
50,60.627342,-10.627342224121094,0.21254684448242187
50,54.7408,-4.7407989501953125,0.09481597900390625
50,56.842358,-6.842357635498047,0.13684715270996095
100,95.486824,4.513175964355469,0.04513175964355469
42,51.46198,-9.461978912353516,0.22528521219889322
75,76.24779,-1.2477874755859375,0.016637166341145832
92,71.69232,20.30767822265625,0.22073563285495923
50,103.61466,-53.614662170410156,1.072293243408203
50,86.21453,-36.21453094482422,0.7242906188964844
100,67.01131,32.98869323730469,0.3298869323730469
66,65.89944,0.10056304931640625,0.0015236825654000947
66,55.320595,10.679405212402344,0.161809169884884
83,67.876884,15.123115539550781,0.18220621131988893
66,57.427288,8.572711944580078,0.12988957491787997
67,55.751038,11.24896240234375,0.16789496122901118
91,89.97546,1.0245437622070312,0.011258722661615728
100,65.69686,34.303138732910156,0.34303138732910154
41,80.820114,-39.82011413574219,0.9712222959937119
141,97.76566,43.234336853027344,0.30662650250374
41,61.274845,-20.274845123291016,0.49450841764124426
75,45.841778,29.158222198486328,0.3887762959798177
50,51.451576,-1.4515762329101562,0.029031524658203123
41,87.39889,-46.398887634277344,1.1316801862018864
42,60.93322,-18.93321990966797,0.4507909502301897
42,63.139927,-21.13992691040039,0.5033315931047712
41,75.03938,-34.03938293457031,0.8302288520626906
83,82.32492,0.675079345703125,0.008133486092808735
75,115.241554,-40.241554260253906,0.5365540568033854
42,64.1455,-22.14550018310547,0.5272738138834635
50,58.559914,-8.559913635253906,0.17119827270507812
50,65.04894,-15.048942565917969,0.3009788513183594
50,72.25695,-22.25695037841797,0.4451390075683594
42,86.52211,-44.52210998535156,1.0600502377464658
50,59.06409,-9.064090728759766,0.18128181457519532
42,47.982235,-5.982234954833984,0.14243416559128536
75,80.37502,-5.375022888183594,0.07166697184244791
58,89.42173,-31.421730041503906,0.541753966232826
75,66.63066,8.369338989257812,0.1115911865234375
75,55.25165,19.748348236083984,0.2633113098144531
100,87.9097,12.090301513671875,0.12090301513671875
75,68.59424,6.40576171875,0.08541015625
66,67.03633,-1.0363311767578125,0.015701987526633522
100,92.97156,7.0284423828125,0.070284423828125
50,62.974457,-12.974456787109375,0.2594891357421875
109,51.74167,57.258331298828125,0.5253057917323681
67,63.828384,3.1716156005859375,0.047337546277402054
41,64.43479,-23.434791564941406,0.5715802820717416
50,72.01182,-22.011817932128906,0.44023635864257815
66,67.25667,-1.2566680908203125,0.019040425618489582
50,80.99027,-30.990272521972656,0.6198054504394531
116,88.45232,27.547683715820312,0.23748003203293372
75,49.61489,25.385108947753906,0.33846811930338544
50,62.124794,-12.124794006347656,0.2424958801269531
50,61.60765,-11.607650756835938,0.23215301513671874
67,68.72853,-1.7285308837890625,0.025798968414762126
50,71.53156,-21.53156280517578,0.4306312561035156
117,82.376526,34.62347412109375,0.29592712924011755
70,56.987858,13.012142181396484,0.1858877454485212
63,63.605305,-0.6053047180175781,0.009608011397104415
75,49.490467,25.509532928466797,0.3401271057128906
134,79.49528,54.504722595214844,0.40675166115831973
100,68.07417,31.925827026367188,0.3192582702636719
50,51.801037,-1.8010368347167969,0.03602073669433594
100,49.85891,50.141090393066406,0.501410903930664
50,68.07417,-18.074172973632812,0.36148345947265625
50,76.64258,-26.642578125,0.5328515625
75,88.07754,-13.077537536621094,0.1743671671549479
66,57.47624,8.523761749267578,0.129147905291933
125,51.84611,73.15388870239258,0.5852311096191406
50,48.252213,1.7477874755859375,0.03495574951171875
42,55.43317,-13.433170318603516,0.31983738853817895
83,65.66677,17.333229064941406,0.20883408511977597
75,72.80218,2.1978225708007812,0.029304300944010417
116,48.42508,67.57492065429688,0.5825424194335938
59,59.012886,-0.01288604736328125,0.00021840758242849576
50,51.955322,-1.955322265625,0.0391064453125
100,61.19744,38.80255889892578,0.3880255889892578
41,39.111866,1.8881340026855469,0.04605204884598895
42,66.18079,-24.18079376220703,0.5757331848144531
42,60.931587,-18.93158721923828,0.4507520766485305
141,54.566143,86.43385696411133,0.6130060777596548
50,69.35361,-19.353607177734375,0.3870721435546875
100,52.789684,47.2103157043457,0.472103157043457
75,64.00332,10.996681213378906,0.14662241617838542
42,57.015152,-15.015151977539062,0.3575036185128348
41,60.32873,-19.328731536865234,0.4714324765089082
41,75.48223,-34.48223114013672,0.8410300278082127
42,41.51143,0.4885711669921875,0.011632646833147322
50,81.71746,-31.71746063232422,0.6343492126464844
50,73.55818,-23.558181762695312,0.47116363525390625
83,49.750107,33.24989318847656,0.4006011227527297
41,32.454903,8.545097351074219,0.20841700856278583
50,78.70987,-28.709869384765625,0.5741973876953125
113,86.25837,26.74163055419922,0.23665159782477185
83,67.60796,15.392036437988281,0.18544622214443712
90,86.42704,3.5729598999023438,0.039699554443359375
66,84.95414,-18.954139709472656,0.28718393499200995
58,51.146893,6.853107452392578,0.11815702504125135
55,63.52097,-8.52096939086914,0.15492671619762075
58,68.50409,-10.50408935546875,0.18110498888739224
116,66.66343,49.336570739746094,0.42531526499781114
117,81.55214,35.44786071777344,0.3029731685279781
50,87.11014,-37.110137939453125,0.7422027587890625
42,53.168858,-11.16885757446289,0.26592518034435453
41,62.229572,-21.229572296142578,0.5177944462473799
50,56.83177,-6.8317718505859375,0.13663543701171876
50,49.673058,0.32694244384765625,0.006538848876953125
125,104.413994,20.58600616455078,0.16468804931640624
42,47.33451,-5.334510803222656,0.12701216198149182
56,81.109535,-25.109535217285156,0.44838455745152067
100,67.90356,32.09644317626953,0.3209644317626953
50,60.072067,-10.072067260742188,0.20144134521484375
67,70.39605,-3.3960494995117188,0.05068730596286147
83,67.89167,15.108329772949219,0.18202806955360504
50,65.19354,-15.19354248046875,0.303870849609375
50,73.94344,-23.943443298339844,0.4788688659667969
50,53.567314,-3.5673141479492188,0.07134628295898438
100,63.12576,36.87424087524414,0.3687424087524414
67,48.051575,18.94842529296875,0.28281231780550375
50,53.26822,-3.268218994140625,0.0653643798828125
50,74.678154,-24.67815399169922,0.4935630798339844
58,52.09139,5.908611297607422,0.1018726085794383
41,60.871773,-19.87177276611328,0.48467738453934833
41,56.755913,-15.755912780761719,0.3842905556283346
50,67.552216,-17.552215576171875,0.3510443115234375
92,104.16997,-12.169967651367188,0.13228225708007812
50,71.09008,-21.09008026123047,0.42180160522460936
125,124.55053,0.44947052001953125,0.00359576416015625
75,56.05585,18.944149017333984,0.25258865356445315
50,59.056976,-9.056976318359375,0.1811395263671875
50,88.17248,-38.17247772216797,0.7634495544433594
50,66.62215,-16.622146606445312,0.33244293212890624
100,102.023026,-2.0230255126953125,0.020230255126953124
50,73.90953,-23.909530639648438,0.47819061279296876
50,53.536957,-3.536956787109375,0.0707391357421875
50,66.92398,-16.923980712890625,0.3384796142578125
50,50.245434,-0.24543380737304688,0.004908676147460937
50,49.934258,0.06574249267578125,0.001314849853515625
41,46.150745,-5.150745391845703,0.12562793638648057
50,65.30746,-15.307456970214844,0.3061491394042969
67,56.33366,10.666339874267578,0.15919910260100864
50,52.266403,-2.2664031982421875,0.04532806396484375
50,47.77637,2.2236289978027344,0.044472579956054685
75,59.405785,15.594215393066406,0.20792287190755207
50,59.11239,-9.112388610839844,0.1822477722167969
45,65.81273,-20.812728881835938,0.46250508626302084
75,48.807163,26.19283676147461,0.34923782348632815
41,50.765953,-9.765953063964844,0.23819397716987423
58,71.10511,-13.105110168457031,0.22595017531822467
116,63.173084,52.8269157409668,0.4554044460428172
67,73.54471,-6.544708251953125,0.09768221271571828
50,92.161125,-42.16112518310547,0.8432225036621094
50,68.63664,-18.636642456054688,0.3727328491210937
45,56.326305,-11.326305389404297,0.2516956753200955
42,54.978024,-12.978023529052734,0.3090005602155413
75,62.54334,12.456661224365234,0.1660888163248698
42,51.79068,-9.790679931640625,0.23311142694382442
133,80.510025,52.48997497558594,0.39466146598184915
100,61.371677,38.62832260131836,0.3862832260131836
50,64.4062,-14.406196594238281,0.28812393188476565
100,56.89904,43.10095977783203,0.4310095977783203
134,89.59461,44.40538787841797,0.3313834916299848
100,52.259552,47.740447998046875,0.47740447998046875
75,66.19161,8.808387756347656,0.11744517008463541
100,49.229847,50.7701530456543,0.507701530456543
50,85.436005,-35.436004638671875,0.7087200927734375
50,54.161133,-4.1611328125,0.08322265625
50,78.12468,-28.124679565429688,0.5624935913085938
58,51.004345,6.995655059814453,0.12061474241059401
67,70.792366,-3.7923660278320312,0.05660247802734375
100,67.62408,32.37592315673828,0.3237592315673828
50,57.38572,-7.385719299316406,0.14771438598632813
67,58.452553,8.547447204589844,0.1275738388744753
58,53.167587,4.8324127197265625,0.08331746068494074
91,60.47325,30.526748657226562,0.3354587764530392
58,63.321278,-5.321277618408203,0.0917461658346242
116,81.55688,34.44312286376953,0.29692347296353044
50,55.364105,-5.364105224609375,0.1072821044921875
125,106.44993,18.550071716308594,0.14840057373046875
50,62.688896,-12.688896179199219,0.2537779235839844
41,41.022896,-0.02289581298828125,0.0005584344631288109
66,61.21302,4.786979675292969,0.0725299950801965
58,81.89628,-23.896278381347656,0.41200479967840786
133,97.67865,35.32135009765625,0.2655740608846335
78,91.17329,-13.173286437988281,0.16888828766651642
66,49.176712,16.823287963867188,0.2548983024828362
41,85.73226,-44.732261657714844,1.0910307721393864
50,58.40176,-8.40176010131836,0.16803520202636718
42,50.875687,-8.875686645507812,0.21132587251209078
59,68.180916,-9.180915832519531,0.15560874292405985
50,33.213955,16.78604507446289,0.3357209014892578
125,56.679893,68.32010650634766,0.5465608520507812
50,75.8203,-25.820297241210938,0.5164059448242188
42,57.328075,-15.328075408935547,0.3649541764032273
66,73.9684,-7.9683990478515625,0.12073331890684186
100,60.57603,39.42396926879883,0.3942396926879883
88,87.44909,0.5509109497070312,0.006260351701216264
50,57.49922,-7.4992218017578125,0.14998443603515624
41,67.588844,-26.588844299316406,0.6485083975443026
50,70.92291,-20.92291259765625,0.418458251953125
41,73.962006,-32.962005615234375,0.8039513564691311
50,73.60473,-23.60472869873047,0.47209457397460936
50,89.255585,-39.255584716796875,0.7851116943359375
50,69.51469,-19.514686584472656,0.39029373168945314
83,74.11278,8.887222290039062,0.10707496734986822
42,61.93519,-19.93518829345703,0.4746473403204055
75,77.28383,-2.2838287353515625,0.0304510498046875
50,64.43874,-14.438743591308594,0.2887748718261719
50,54.158302,-4.158302307128906,0.08316604614257812
58,51.197556,6.8024444580078125,0.11728352513806574
125,81.32705,43.672950744628906,0.3493836059570313
50,55.371384,-5.3713836669921875,0.10742767333984375
42,46.94452,-4.94451904296875,0.11772664388020833
50,57.590084,-7.590084075927734,0.1518016815185547
125,70.50782,54.49217987060547,0.43593743896484377
133,87.40194,45.598060607910156,0.3428425609617305
42,64.1227,-22.122703552246094,0.5267310369582403
42,51.445667,-9.445667266845703,0.22489683968680246
100,52.508755,47.49124526977539,0.4749124526977539
41,56.740246,-15.740245819091797,0.38390843461199503
67,55.992638,11.007362365722656,0.16428899053317397
75,79.99311,-4.993110656738281,0.06657480875651042
42,64.322136,-22.32213592529297,0.5314794267926898
67,74.82331,-7.823310852050781,0.11676583361269822
75,52.877968,22.122032165527344,0.29496042887369794
50,62.638683,-12.638683319091797,0.25277366638183596
50,59.996677,-9.99667739868164,0.1999335479736328
50,60.831383,-10.831382751464844,0.21662765502929687
59,64.28859,-5.2885894775390625,0.08963710978879767
50,60.224167,-10.224166870117188,0.20448333740234376
75,60.59929,14.400711059570312,0.19200948079427083
75,76.97116,-1.971160888671875,0.026282145182291668
50,54.329803,-4.329803466796875,0.0865960693359375
42,66.23208,-24.232078552246094,0.5769542512439546
67,53.982693,13.01730728149414,0.19428816838050955
50,48.175827,1.8241729736328125,0.03648345947265625
50,55.364105,-5.364105224609375,0.1072821044921875
50,54.717476,-4.717475891113281,0.09434951782226562
50,51.16907,-1.1690711975097656,0.023381423950195313
50,67.16514,-17.165138244628906,0.3433027648925781
42,62.53134,-20.531341552734375,0.48884146554129465
50,88.19555,-38.19554901123047,0.7639109802246093
100,75.93486,24.065139770507812,0.24065139770507812
100,85.18885,14.811149597167969,0.1481114959716797
50,59.584923,-9.584922790527344,0.19169845581054687
66,69.814865,-3.8148651123046875,0.05780098655007102
41,58.207264,-17.207263946533203,0.4196893645495903
73,75.83428,-2.8342819213867188,0.03882577974502355
125,118.19187,6.808128356933594,0.05446502685546875
50,59.114605,-9.114604949951172,0.18229209899902343
100,102.88969,-2.8896865844726562,0.028896865844726564
67,58.310547,8.689453125,0.1296933302238806
58,66.02074,-8.020736694335938,0.1382885636954472
100,57.646408,42.35359191894531,0.4235359191894531
66,46.58404,19.415958404541016,0.2941811879475911
50,50.245434,-0.24543380737304688,0.004908676147460937
50,45.979294,4.0207061767578125,0.08041412353515626
50,74.41372,-24.413719177246094,0.48827438354492186
111,110.73244,0.2675628662109375,0.002410476272170608
41,54.23589,-13.235889434814453,0.3228265715808403
50,55.151417,-5.151416778564453,0.10302833557128906
50,71.881836,-21.8818359375,0.43763671875
75,61.00196,13.998039245605469,0.1866405232747396
48,101.10878,-53.10877990722656,1.1064329147338867
125,92.38974,32.610260009765625,0.260882080078125
75,58.511475,16.488525390625,0.21984700520833333
67,67.383125,-0.38312530517578125,0.005718288136951959
105,54.39674,50.6032600402832,0.4819358099074591
58,52.257042,5.742958068847656,0.09901651842840786
100,76.52303,23.476966857910156,0.23476966857910156
58,51.82278,6.177219390869141,0.10650378260119207
67,73.58453,-6.58453369140625,0.09827662225979478
50,77.4108,-27.410797119140625,0.5482159423828125
50,49.898563,0.10143661499023438,0.0020287322998046877
67,58.91629,8.083709716796875,0.12065238383278917
100,48.651073,51.34892654418945,0.5134892654418945
116,62.53258,53.4674186706543,0.4609260230228819
47,67.37944,-20.379440307617188,0.4336051129280253
66,76.75411,-10.754112243652344,0.1629410946007931
100,94.97202,5.027976989746094,0.05027976989746094
75,97.48671,-22.486709594726562,0.2998227945963542
42,61.026474,-19.026473999023438,0.4530112856910342
100,88.50473,11.495269775390625,0.11495269775390625
50,52.350533,-2.3505325317382812,0.04701065063476562
50,45.275143,4.724857330322266,0.09449714660644531
66,72.97756,-6.977561950683594,0.10572063561641809
110,62.691223,47.30877685546875,0.43007978959517046
58,54.822952,3.1770477294921875,0.05477668499124461
50,61.818756,-11.818756103515625,0.2363751220703125
100,61.071663,38.92833709716797,0.3892833709716797
50,65.473816,-15.47381591796875,0.309476318359375
50,58.077747,-8.077747344970703,0.16155494689941408
75,57.32473,17.675270080566406,0.23567026774088543
75,73.04871,1.9512863159179688,0.02601715087890625
66,61.574913,4.425086975097656,0.06704677234996449
119,61.97525,57.024749755859375,0.4791995777803309
50,64.6973,-14.697303771972656,0.2939460754394531
44,44.483265,-0.4832649230957031,0.010983293706720526
100,76.881516,23.118484497070312,0.23118484497070313
72,68.52167,3.47833251953125,0.048310173882378474
58,61.6835,-3.6834983825683594,0.06350859280290275
75,49.60493,25.395069122314453,0.33860092163085936
50,70.64222,-20.64221954345703,0.4128443908691406
66,62.285263,3.7147369384765625,0.05628389300722064
42,58.140404,-16.140403747558594,0.3842953273228237
100,81.321526,18.67847442626953,0.1867847442626953
75,61.07102,13.92898178100586,0.18571975708007812
75,64.61307,10.386932373046875,0.138492431640625
50,52.575306,-2.575305938720703,0.051506118774414064
42,54.7408,-12.740798950195312,0.30335235595703125
41,55.11947,-14.119468688964844,0.3443772850967035
100,75.87816,24.121841430664062,0.24121841430664062
50,52.764103,-2.7641029357910156,0.055282058715820315
42,61.93519,-19.93518829345703,0.4746473403204055
50,100.80036,-50.80036163330078,1.0160072326660157
75,63.03585,11.964149475097656,0.15952199300130207
50,55.425835,-5.425834655761719,0.10851669311523438
50,60.252274,-10.252273559570312,0.20504547119140626
50,53.640053,-3.6400527954101562,0.07280105590820313
50,52.92748,-2.927478790283203,0.05854957580566406
100,72.802795,27.19720458984375,0.2719720458984375
75,71.674255,3.32574462890625,0.04434326171875
108,62.818558,45.18144226074219,0.4183466875994647
98,49.195255,48.804744720458984,0.49800759918835696
67,70.17084,-3.17083740234375,0.04732593137826493
91,63.195946,27.804054260253906,0.30553905780498797
75,47.8504,27.149600982666016,0.3619946797688802
42,55.575264,-13.575263977050781,0.32322057088216144
125,75.956825,49.043174743652344,0.39234539794921874
58,57.18897,0.8110313415527344,0.013983298992288524
50,51.201485,-1.2014846801757812,0.024029693603515624
50,72.50952,-22.509521484375,0.4501904296875
50,67.49917,-17.499168395996094,0.34998336791992185
92,63.8493,28.150699615478516,0.30598586538563605
50,65.050026,-15.050025939941406,0.3010005187988281
100,50.90708,49.092918395996094,0.49092918395996094
133,105.42089,27.57910919189453,0.2073617232473273
41,48.505684,-7.505683898925781,0.1830654609494093
67,73.684006,-6.6840057373046875,0.099761279661264
50,58.166378,-8.166378021240234,0.16332756042480467
91,66.70236,24.297637939453125,0.2670070103236607
141,82.189224,58.81077575683594,0.41709770040309174
100,90.55692,9.443077087402344,0.09443077087402343
71,82.66167,-11.661666870117188,0.1642488291565801
75,53.78456,21.215438842773438,0.2828725179036458
75,73.58847,1.411529541015625,0.018820393880208335
58,41.115166,16.88483428955078,0.29111783257846174
108,86.451706,21.548294067382812,0.19952124136465568
50,69.33198,-19.33197784423828,0.38663955688476564
125,70.884285,54.11571502685547,0.43292572021484377
50,68.251526,-18.25152587890625,0.365030517578125
59,46.98393,12.016071319580078,0.20366222575559453
50,70.53087,-20.530868530273438,0.41061737060546877
75,60.5384,14.461601257324219,0.19282135009765625
58,80.46424,-22.46424102783203,0.3873145004798626
83,82.470894,0.5291061401367188,0.006374772772731551
50,49.6129,0.3871002197265625,0.00774200439453125
78,52.11161,25.888389587402344,0.33190243060772234
75,73.538,1.4619979858398438,0.019493306477864583
70,67.90573,2.094268798828125,0.029918125697544644
42,44.938858,-2.9388580322265625,0.06997281029110863
100,100.00623,-0.00623321533203125,6.23321533203125e-05
59,55.48125,3.518749237060547,0.0596398175772974
50,62.165737,-12.16573715209961,0.2433147430419922
42,76.52643,-34.52642822265625,0.8220578148251488
42,75.63994,-33.63993835449219,0.8009509132021949
50,74.87976,-24.8797607421875,0.49759521484375
50,72.92512,-22.92511749267578,0.4585023498535156
50,38.038273,11.961727142333984,0.2392345428466797
75,66.269394,8.730606079101562,0.1164080810546875
108,55.85532,52.14468002319336,0.4828211113258644
75,98.05691,-23.056907653808594,0.3074254353841146
75,57.702457,17.297542572021484,0.23063390096028646
100,77.18283,22.817169189453125,0.22817169189453124
66,66.863976,-0.8639755249023438,0.013090538256096117
84,98.91798,-14.917976379394531,0.17759495689755395
75,56.109715,18.89028549194336,0.25187047322591144
83,72.58214,10.417861938476562,0.12551640889730797
100,78.03995,21.960052490234375,0.21960052490234375
50,71.03008,-21.03008270263672,0.42060165405273436
66,60.285587,5.714412689208984,0.08658201044256036
108,102.0873,5.912696838378906,0.054747192947952834
108,56.79439,51.20560836791992,0.47412600340666594
117,56.27202,60.72798156738281,0.5190425774989984
88,79.43634,8.56365966796875,0.0973143144087358
133,63.05718,69.94282150268555,0.5258858759600417
50,73.85801,-23.858009338378906,0.4771601867675781
41,65.12314,-24.123138427734375,0.5883692299447408
50,79.16509,-29.16509246826172,0.5833018493652343
50,45.75747,4.242530822753906,0.08485061645507813
50,59.48329,-9.483291625976562,0.18966583251953126
41,51.306824,-10.30682373046875,0.2513859446455793
83,81.61551,1.384490966796875,0.016680614057793676
50,81.54189,-31.541893005371094,0.6308378601074218
50,58.33493,-8.334930419921875,0.1666986083984375
50,57.042377,-7.042377471923828,0.14084754943847655
50,68.52769,-18.527687072753906,0.37055374145507813
75,79.81275,-4.812751770019531,0.06417002360026042
42,63.273838,-21.27383804321289,0.5065199534098307
50,53.34468,-3.3446807861328125,0.06689361572265624
41,96.00006,-55.00006103515625,1.3414649032964938
50,87.86166,-37.861656188964844,0.7572331237792969
50,66.63976,-16.63976287841797,0.33279525756835937
42,44.3829,-2.3829002380371094,0.056735719953264506
100,82.44221,17.55779266357422,0.17557792663574218
58,96.24029,-38.24028778076172,0.6593153065648573
75,62.818558,12.181442260742188,0.16241923014322918
50,68.08648,-18.08647918701172,0.3617295837402344
50,81.41299,-31.412986755371094,0.6282597351074218
67,64.53549,2.464508056640625,0.03678370233791978
100,56.467262,43.532737731933594,0.43532737731933596
142,114.20363,27.796371459960938,0.1957490947884573
83,66.959,16.041000366210938,0.19326506465314383
58,50.34833,7.651668548583984,0.13192531980317215
50,83.3357,-33.33570098876953,0.6667140197753906
58,52.727543,5.272457122802734,0.09090443315177128
104,104.84278,-0.8427810668945312,0.008103664104755107
42,56.403255,-14.403255462646484,0.34293465387253536
66,55.748096,10.251903533935547,0.15533187172629617
109,57.02463,51.97536849975586,0.4768382431170262
108,49.126446,58.87355422973633,0.5451255021271882
41,62.27628,-21.27627944946289,0.518933645108851
51,62.0971,-11.097099304199219,0.2175901824352788
58,56.128807,1.8711929321289062,0.0322619471056708
100,66.09209,33.90791320800781,0.3390791320800781
66,68.51024,-2.5102386474609375,0.038033918900923294
67,95.63084,-28.630836486816406,0.4273259177136777
50,76.892136,-26.892135620117188,0.5378427124023437
75,71.32265,3.6773529052734375,0.0490313720703125
55,84.702286,-29.702285766601562,0.5400415593927557
67,60.760357,6.239643096923828,0.0931290014466243
91,50.572247,40.42775344848633,0.44426102690644315
50,57.71187,-7.7118682861328125,0.15423736572265626
67,73.47875,-6.478752136230469,0.0966977930780667
50,62.16819,-12.168190002441406,0.24336380004882813
50,47.38285,2.6171493530273438,0.052342987060546874
66,73.53916,-7.539161682128906,0.11422972245649858
83,100.75556,-17.75556182861328,0.21392243167003952
58,50.09535,7.904651641845703,0.1362870972732018
42,56.898724,-14.898723602294922,0.35473151434035527
100,71.97463,28.025367736816406,0.2802536773681641
50,76.41876,-26.41876220703125,0.528375244140625
125,86.49736,38.50263977050781,0.3080211181640625
75,76.99772,-1.9977188110351562,0.026636250813802085
50,51.45527,-1.4552688598632812,0.029105377197265626
58,70.18854,-12.18853759765625,0.21014719995959052
91,118.14024,-27.140243530273438,0.2982444343986092
59,80.89658,-21.896583557128906,0.37112853486659164
50,57.48018,-7.4801788330078125,0.14960357666015625
42,76.721306,-34.72130584716797,0.826697758265904
50,55.43806,-5.438060760498047,0.10876121520996093
50,53.369835,-3.3698348999023438,0.06739669799804687
50,58.68446,-8.684459686279297,0.17368919372558594
100,80.70133,19.298667907714844,0.19298667907714845
50,59.44722,-9.447219848632812,0.18894439697265625
75,96.06007,-21.06006622314453,0.2808008829752604
50,38.038273,11.961727142333984,0.2392345428466797
117,78.29656,38.70343780517578,0.33079861371945113
83,66.40597,16.594032287597656,0.19992809985057416
75,79.36892,-4.368919372558594,0.05825225830078125
42,56.8732,-14.873199462890625,0.35412379673549105
100,48.76869,51.2313117980957,0.512313117980957
50,63.81211,-13.812110900878906,0.27624221801757814
100,70.23643,29.763572692871094,0.29763572692871093
100,85.028114,14.971885681152344,0.14971885681152344
100,46.508766,53.491233825683594,0.5349123382568359
50,63.53633,-13.536331176757812,0.27072662353515625
58,58.428204,-0.4282035827636719,0.007382820392477101
45,46.2956,-1.2956008911132812,0.028791130913628473
47,96.766014,-49.766014099121094,1.058851363811087
50,75.12589,-25.125892639160156,0.5025178527832032
66,57.655178,8.34482192993164,0.12643669590805517
50,47.85551,2.144489288330078,0.04288978576660156
133,63.40547,69.59452819824219,0.5232671293100917
50,61.4476,-11.447601318359375,0.2289520263671875
50,56.047497,-6.047496795654297,0.12094993591308593
125,91.63214,33.36785888671875,0.26694287109375
50,72.8313,-22.831298828125,0.4566259765625
59,58.457474,0.5425262451171875,0.009195360086731991
75,59.41251,15.58749008178711,0.2078332010904948
92,81.03675,10.963249206542969,0.11916575224503227
100,45.28229,54.717708587646484,0.5471770858764649
100,78.8583,21.141700744628906,0.21141700744628905
47,51.109318,-4.109317779541016,0.08743229318172374
41,66.13989,-25.139892578125,0.6131681116615854
50,62.207886,-12.2078857421875,0.24415771484375
50,62.974392,-12.97439193725586,0.25948783874511716
83,59.06784,23.932159423828125,0.28833927016660393
125,53.67054,71.32946014404297,0.5706356811523438
100,55.55792,44.442081451416016,0.44442081451416016
75,71.58291,3.4170913696289062,0.04556121826171875
50,69.32892,-19.32891845703125,0.386578369140625
42,68.7725,-26.772499084472656,0.6374404543922061
50,73.70539,-23.70539093017578,0.47410781860351564
50,55.715836,-5.7158355712890625,0.11431671142578125
66,74.80278,-8.802780151367188,0.1333754568388968
50,58.89157,-8.891571044921875,0.1778314208984375
50,63.89134,-13.891338348388672,0.2778267669677734
75,65.51056,9.48944091796875,0.12652587890625
50,108.16159,-58.161590576171875,1.1632318115234375
100,75.6761,24.323898315429688,0.24323898315429687
75,61.084114,13.915885925292969,0.18554514567057293
50,58.19056,-8.190559387207031,0.16381118774414063
45,82.34775,-37.347747802734375,0.829949951171875
42,51.38847,-9.388469696044922,0.22353499276297434
133,96.78501,36.214988708496094,0.27229314818418116
58,96.53718,-38.53717803955078,0.6644341041301859
50,78.24498,-28.244979858398438,0.5648995971679688
67,64.60031,2.399688720703125,0.03581624956273321
50,66.72467,-16.72467041015625,0.334493408203125
50,40.825546,9.174453735351562,0.18348907470703124
67,84.1068,-17.106796264648438,0.2553253173828125
41,67.621056,-26.621055603027344,0.6492940390982279
59,51.557686,7.442314147949219,0.12614091776185116
92,137.89821,-45.89820861816406,0.4988935719365659
50,58.456814,-8.45681381225586,0.16913627624511718
53,76.04943,-23.04943084716797,0.43489492164467863
100,87.561066,12.438934326171875,0.12438934326171874
41,48.509537,-7.5095367431640625,0.18315943276009908
50,59.86814,-9.868141174316406,0.19736282348632814
66,58.70915,7.290851593017578,0.11046744837905421
100,70.43446,29.565536499023438,0.29565536499023437
83,62.3306,20.66939926147461,0.24902890676475434
100,72.68796,27.312042236328125,0.27312042236328127
50,76.34897,-26.348968505859375,0.5269793701171875
100,60.298363,39.701637268066406,0.3970163726806641
50,65.51056,-15.51055908203125,0.310211181640625
108,136.21776,-28.217758178710938,0.26127553869176795
125,53.66896,71.33103942871094,0.5706483154296875
61,50.975513,10.024486541748047,0.1643358449466893
100,65.02977,34.97023010253906,0.3497023010253906
50,62.49766,-12.497661590576172,0.24995323181152343
141,79.5282,61.4718017578125,0.4359702252327128
41,58.657684,-17.657684326171875,0.4306752274676067
75,101.280846,-26.280845642089844,0.3504112752278646
75,50.944786,24.055213928222656,0.3207361857096354
83,72.061775,10.938224792480469,0.13178584087325865
50,66.44066,-16.440658569335938,0.32881317138671873
78,71.24213,6.75787353515625,0.086639404296875
50,53.248707,-3.248706817626953,0.06497413635253907
41,60.27386,-19.273860931396484,0.47009416905845086
58,94.14458,-36.14457702636719,0.6231823625235722
91,82.6044,8.395599365234375,0.09225933368389423
116,55.956024,60.043975830078125,0.5176204812937769
50,56.230076,-6.230075836181641,0.12460151672363282
137,54.06285,82.93714904785156,0.605380649984318
75,75.574524,-0.57452392578125,0.007660319010416666
58,50.82981,7.170188903808594,0.12362394661738954
50,86.19912,-36.199119567871094,0.7239823913574219
50,51.989235,-1.9892349243164062,0.039784698486328124
100,54.420437,45.57956314086914,0.4557956314086914
50,45.681087,4.318912506103516,0.08637825012207032
67,56.230076,10.76992416381836,0.16074513677340835
41,58.05899,-17.058990478515625,0.4160729385003811
60,100.2883,-40.288299560546875,0.6714716593424479
109,130.33069,-21.3306884765625,0.19569438969323394
50,69.50701,-19.50701141357422,0.39014022827148437
42,55.526253,-13.526252746582031,0.3220536368233817
50,56.185947,-6.185947418212891,0.12371894836425781
50,76.805534,-26.80553436279297,0.5361106872558594
56,54.070354,1.9296455383300781,0.03445795604160854
83,60.848495,22.151504516601562,0.266885596585561
50,53.974503,-3.9745025634765625,0.07949005126953125
50,79.842766,-29.84276580810547,0.5968553161621094
49,61.982643,-12.982643127441406,0.2649519005600287
50,54.069027,-4.069026947021484,0.08138053894042968
42,50.938625,-8.93862533569336,0.2128244127546038
101,95.68589,5.314109802246094,0.052614948537090034
41,54.48003,-13.480030059814453,0.3287812209710842
83,67.95691,15.0430908203125,0.18124205807605423
75,49.710056,25.28994369506836,0.3371992492675781
50,47.548897,2.4511032104492188,0.049022064208984376
58,65.37538,-7.3753814697265625,0.12716174947804418
75,60.964092,14.035907745361328,0.18714543660481772
66,70.45886,-4.4588623046875,0.06755851976799243
50,53.279346,-3.279346466064453,0.06558692932128907
100,111.03735,-11.037353515625,0.11037353515625
41,45.00101,-4.001010894775391,0.09758563157988757
100,81.36551,18.634490966796875,0.18634490966796874
50,61.059814,-11.059814453125,0.2211962890625
75,51.508686,23.491313934326172,0.313217519124349
100,61.778088,38.2219123840332,0.382219123840332
41,59.700806,-18.7008056640625,0.45611721131859756
50,44.470757,5.529243469238281,0.11058486938476562
66,72.72119,-6.72119140625,0.1018362334280303
75,57.3911,17.608898162841797,0.23478530883789062
101,63.35011,37.6498908996582,0.37277119702631883
75,56.69423,18.305770874023438,0.24407694498697916
75,66.04415,8.955848693847656,0.11941131591796875
49,48.225384,0.7746162414550781,0.015808494723573024
50,62.849808,-12.849807739257812,0.25699615478515625
100,81.70949,18.290512084960938,0.1829051208496094
66,80.84024,-14.840240478515625,0.22485212846235794
66,63.54182,2.458179473876953,0.0372451435435902
50,56.020306,-6.020305633544922,0.12040611267089844
67,59.521847,7.478153228759766,0.11161422729492188
100,64.002365,35.99763488769531,0.3599763488769531
50,52.139954,-2.13995361328125,0.042799072265625
50,65.27035,-15.270347595214844,0.3054069519042969
50,97.45458,-47.45458221435547,0.9490916442871093
50,60.397324,-10.397323608398438,0.20794647216796874
75,71.2549,3.7451019287109375,0.0499346923828125
100,83.80703,16.192970275878906,0.16192970275878907
100,97.55832,2.441680908203125,0.02441680908203125
75,66.40089,8.599113464355469,0.11465484619140626
100,67.51074,32.4892578125,0.324892578125
41,51.708736,-10.708736419677734,0.2611886931628716
59,68.35074,-9.350738525390625,0.15848709365068855
42,49.8205,-7.820499420166016,0.1862023671468099
58,53.89607,4.103931427001953,0.0707574383965854
100,78.219574,21.780426025390625,0.21780426025390626
42,59.295067,-17.295066833496094,0.4117873055594308
42,54.392292,-12.392292022705078,0.2950545719691685
50,54.37117,-4.3711700439453125,0.08742340087890625
50,75.21992,-25.21991729736328,0.5043983459472656
108,90.74075,17.259246826171875,0.1598078409830729
50,66.366165,-16.366165161132812,0.32732330322265624
48,47.552483,0.44751739501953125,0.0093232790629069
41,63.575836,-22.575836181640625,0.5506301507717226
75,111.40957,-36.409568786621094,0.48546091715494794
66,90.04193,-24.04193115234375,0.36427168412642047
47,55.941223,-8.94122314453125,0.19023879030917554
50,72.64864,-22.648643493652344,0.45297286987304686
50,80.0286,-30.028602600097656,0.6005720520019531
50,69.40517,-19.405166625976562,0.3881033325195313
48,55.489014,-7.489013671875,0.1560211181640625
58,60.473743,-2.473743438720703,0.042650748943460395
117,67.70053,49.299468994140625,0.4213629828559028
41,55.364105,-14.364105224609375,0.35034402986852137
75,84.699684,-9.699684143066406,0.12932912190755208
41,55.74366,-14.743659973144531,0.35960146275962274
50,49.401886,0.598114013671875,0.0119622802734375
58,55.900227,2.099773406982422,0.036202989775559
75,57.54678,17.45322036743164,0.23270960489908854
50,60.283226,-10.283226013183594,0.20566452026367188
66,60.724434,5.275566101074219,0.07993281971324574
50,55.722393,-5.722393035888672,0.11444786071777344
50,71.93359,-21.93359375,0.438671875
116,59.943264,56.05673599243164,0.48324772407268657
41,68.931206,-27.93120574951172,0.681248920719798
50,65.88881,-15.888809204101562,0.31777618408203123
84,61.958916,22.04108428955078,0.2623938605898902
83,54.015102,28.98489761352539,0.3492156338978963
75,42.49706,32.5029411315918,0.43337254842122397
58,64.59249,-6.592491149902344,0.11366364051555765
50,53.645496,-3.645496368408203,0.07290992736816407
95,125.0178,-30.017799377441406,0.3159768355520148
42,72.8055,-30.805496215820312,0.7334641956147694
43,53.71399,-10.7139892578125,0.24916254087936046
85,57.08334,27.91666030883789,0.328431297751034
58,54.09979,3.9002113342285156,0.06724502300393992
50,66.42365,-16.42365264892578,0.32847305297851564
125,92.130196,32.86980438232422,0.26295843505859373
50,54.986847,-4.986846923828125,0.0997369384765625
50,81.55399,-31.553993225097656,0.6310798645019531
111,50.744106,60.25589370727539,0.5428458892547332
50,69.57179,-19.571792602539062,0.39143585205078124
48,56.77803,-8.778030395507812,0.1828756332397461
66,55.90299,10.09701156616211,0.15298502372972894
50,69.19726,-19.19725799560547,0.38394515991210937
67,60.564846,6.435153961181641,0.09604707404748718
50,54.947098,-4.9470977783203125,0.09894195556640625
58,49.76753,8.232471466064453,0.1419391632080078
100,55.39046,44.60953903198242,0.4460953903198242
42,56.213993,-14.213993072509766,0.3384284064883277
59,44.327072,14.672927856445312,0.24869369248212395
54,54.12878,-0.12878036499023438,0.002384821573893229
41,48.746883,-7.746883392333984,0.18894837542278012
50,75.33291,-25.332908630371094,0.5066581726074219
58,53.62,4.380001068115234,0.07551725979509025
50,57.926414,-7.926414489746094,0.15852828979492187
50,49.700317,0.2996826171875,0.00599365234375
50,49.13577,0.8642311096191406,0.017284622192382814
42,52.460285,-10.460285186767578,0.24905440920875185
125,61.14286,63.857139587402344,0.5108571166992187
50,56.655476,-6.655475616455078,0.13310951232910156
50,53.721405,-3.721405029296875,0.0744281005859375
42,59.66206,-17.662059783935547,0.4205252329508464
50,49.114548,0.8854522705078125,0.01770904541015625
67,87.73895,-20.73895263671875,0.3095366065181903
50,59.944767,-9.944766998291016,0.19889533996582032
50,46.173004,3.826995849609375,0.0765399169921875
70,67.28137,2.7186279296875,0.03883754185267857
142,86.472435,55.527565002441406,0.39103919015803806
50,62.818558,-12.818557739257812,0.25637115478515626
50,72.42866,-22.42865753173828,0.4485731506347656
50,57.999523,-7.999523162841797,0.15999046325683594
50,48.789516,1.2104835510253906,0.024209671020507813
75,63.135426,11.864574432373047,0.15819432576497397
67,64.320984,2.67901611328125,0.03998531512360075
67,68.601746,-1.60174560546875,0.02390665082789179
50,55.674046,-5.674045562744141,0.11348091125488281
58,58.557117,-0.5571174621582031,0.00960547348548626
50,55.670334,-5.6703338623046875,0.11340667724609375
125,66.21316,58.786842346191406,0.47029473876953126
41,52.316998,-11.316997528076172,0.27602432995307735
58,55.66046,2.33953857421875,0.04033687196928879
50,64.410614,-14.410614013671875,0.2882122802734375
50,59.53657,-9.536571502685547,0.19073143005371093
100,80.67578,19.32421875,0.1932421875
59,75.08244,-16.082443237304688,0.2725837836831303
52,61.324425,-9.324424743652344,0.17931586045485276
100,65.12674,34.873260498046875,0.34873260498046876
42,93.038,-51.038002014160156,1.2151905241466703
50,78.753174,-28.753173828125,0.5750634765625
100,73.92418,26.075820922851562,0.2607582092285156
83,75.047905,7.952095031738281,0.09580837387636483
50,59.018528,-9.01852798461914,0.1803705596923828
50,45.164207,4.835792541503906,0.09671585083007812
41,62.8328,-21.832801818847656,0.5325073614353086
41,59.3862,-18.386199951171875,0.4484439012480945
41,56.565758,-15.565757751464844,0.3796526280845084
58,80.641205,-22.641204833984375,0.3903656005859375
43,65.289085,-22.289085388183594,0.5183508229810138
100,59.392517,40.60748291015625,0.4060748291015625
67,58.293354,8.706645965576172,0.12994993978471897
109,70.94303,38.056968688964844,0.34914650173362244
45,49.906975,-4.906974792480469,0.10904388427734375
75,78.75934,-3.75933837890625,0.05012451171875
117,77.54566,39.45433807373047,0.33721656473273903
79,84.4482,-5.4481964111328125,0.06896451153332674
50,47.982235,2.0177650451660156,0.04035530090332031
57,60.327354,-3.3273544311523438,0.05837463914302357
50,59.40834,-9.408340454101562,0.18816680908203126
50,91.78996,-41.78996276855469,0.8357992553710938
58,57.34912,0.65087890625,0.01122205010775862
50,54.62977,-4.629768371582031,0.09259536743164062
50,62.470802,-12.470802307128906,0.24941604614257812
59,68.674675,-9.674674987792969,0.1639775421659825
42,66.27971,-24.279708862304688,0.5780883062453497
50,51.628426,-1.6284255981445312,0.03256851196289062
43,61.909927,-18.909927368164062,0.43976575274800145
75,50.23232,24.767681121826172,0.33023574829101565
42,58.658558,-16.658557891845703,0.396632330758231
42,64.92099,-22.920989990234375,0.5457378569103423
66,91.84348,-25.843482971191406,0.3915679238059304
50,50.775352,-0.7753524780273438,0.015507049560546875
50,62.145386,-12.1453857421875,0.24290771484375
125,122.21564,2.78436279296875,0.02227490234375
75,56.488323,18.511676788330078,0.24682235717773438
58,90.02403,-32.02403259277344,0.5521384929788524
50,49.125553,0.8744468688964844,0.017488937377929687
42,55.118248,-13.118247985839844,0.3123392377580915
50,59.876766,-9.876766204833984,0.19753532409667968
83,69.68,13.319999694824219,0.16048192403402672
50,78.807365,-28.80736541748047,0.5761473083496094
50,52.658848,-2.6588478088378906,0.053176956176757814
50,64.32996,-14.329963684082031,0.2865992736816406
50,67.70748,-17.707481384277344,0.35414962768554686
66,75.08244,-9.082443237304688,0.1376127763227983
75,48.124195,26.875804901123047,0.3583440653483073
42,68.12774,-26.12773895263672,0.6220890226818266
41,81.19915,-40.19915008544922,0.980467075254859
87,87.029045,-0.02904510498046875,0.0003338517813846983
66,80.376785,-14.376785278320312,0.2178300799745502
125,93.01417,31.98583221435547,0.25588665771484376
50,56.249115,-6.249114990234375,0.1249822998046875
109,75.88735,33.112648010253906,0.30378576156196246
117,41.34075,75.65924835205078,0.6466602423252203
41,58.219093,-17.219093322753906,0.41997788592082697
108,108.41826,-0.4182586669921875,0.003872765435112847
139,84.777985,54.222015380859375,0.39008644158891637
67,48.914967,18.085033416748047,0.26992587189176187
100,73.40195,26.598052978515625,0.26598052978515624
58,64.45899,-6.458992004394531,0.11136193111025054
50,84.66058,-34.66058349609375,0.693211669921875
50,69.08691,-19.08690643310547,0.3817381286621094
75,68.333176,6.6668243408203125,0.0888909912109375
50,56.346943,-6.346942901611328,0.12693885803222657
42,47.38402,-5.384021759033203,0.1281909942626953
50,49.03608,0.9639205932617188,0.019278411865234376
58,66.175,-8.175003051757812,0.14094832847858296
41,57.80933,-16.809329986572266,0.40998365820907967
42,49.78387,-7.783870697021484,0.1853302546909877
100,56.26356,43.7364387512207,0.437364387512207
50,48.33192,1.6680793762207031,0.033361587524414066
100,56.257275,43.74272537231445,0.4374272537231445
59,55.64643,3.3535690307617188,0.05684015306375795
50,85.76622,-35.76622009277344,0.7153244018554688
75,56.933502,18.066497802734375,0.24088663736979166
50,48.6738,1.3261985778808594,0.02652397155761719
84,47.34333,36.65666961669922,0.436388924008324
75,58.4432,16.556800842285156,0.22075734456380208
58,53.506935,4.493064880371094,0.07746663586846714
41,57.042027,-16.04202651977539,0.3912689395067168
100,72.624344,27.375656127929688,0.2737565612792969
50,80.67506,-30.67505645751953,0.6135011291503907
42,68.02236,-26.022361755371094,0.6195800417945498
58,57.635765,0.36423492431640625,0.006279912488213901
50,57.792427,-7.792427062988281,0.15584854125976563
83,60.85636,22.143638610839844,0.2667908266366246
85,74.082535,10.917465209960938,0.12844076717601102
42,66.26749,-24.267486572265625,0.5777972993396577
83,59.893448,23.106552124023438,0.2783921942653426
50,65.80145,-15.80145263671875,0.316029052734375
50,67.07069,-17.07068634033203,0.3414137268066406
75,62.423126,12.576873779296875,0.167691650390625
41,73.66514,-32.665138244628906,0.7967106888933879
50,59.98684,-9.986839294433594,0.19973678588867189
125,70.92486,54.07514190673828,0.43260113525390625
100,76.68172,23.318283081054688,0.2331828308105469
116,67.23031,48.769691467285156,0.4204283747179755
46,70.57589,-24.575889587402344,0.5342584692913553
50,46.126213,3.8737869262695312,0.07747573852539062
67,49.843197,17.156803131103516,0.2560716885239331
41,47.456173,-6.456172943115234,0.15746763275890815
125,88.07416,36.92584228515625,0.29540673828125
50,53.425575,-3.4255752563476562,0.06851150512695313
41,51.175392,-10.175392150878906,0.24818029636290015
59,57.582222,1.4177780151367188,0.024030135849774894
42,56.5693,-14.56930160522461,0.3468881334577288
75,68.187294,6.812705993652344,0.09083607991536459
75,43.090385,31.90961456298828,0.4254615275065104
100,84.61556,15.384437561035156,0.15384437561035155
100,60.266613,39.7333869934082,0.39733386993408204
42,60.810673,-18.810672760009766,0.4478731609526135
41,47.712975,-6.712974548339844,0.16373108654487423
50,50.052692,-0.052692413330078125,0.0010538482666015625
62,67.826996,-5.826995849609375,0.09398380402595766
50,59.82776,-9.8277587890625,0.19655517578125
75,58.38304,16.616958618164062,0.2215594482421875
41,57.34711,-16.347110748291016,0.3987100182510004
50,62.41917,-12.419170379638672,0.24838340759277344
50,67.07009,-17.070091247558594,0.3414018249511719
41,67.66048,-26.660476684570312,0.6502555288919588
100,70.370224,29.629776000976562,0.2962977600097656
58,65.457535,-7.4575347900390625,0.12857818603515625
50,47.467567,2.5324325561523438,0.050648651123046874
50,52.553642,-2.5536422729492188,0.05107284545898438
91,59.00932,31.990680694580078,0.3515459416986822
50,57.299164,-7.299163818359375,0.1459832763671875
50,58.46112,-8.46112060546875,0.169222412109375
75,63.59438,11.405620574951172,0.15207494099934896
42,61.79027,-19.790271759033203,0.4711969466436477
75,121.933334,-46.93333435058594,0.6257777913411459
83,66.5,16.5,0.19879518072289157
91,123.88329,-32.88329315185547,0.36135486980060955
100,59.539875,40.46012496948242,0.4046012496948242
50,45.42039,4.579608917236328,0.09159217834472656
50,56.495697,-6.495697021484375,0.1299139404296875
83,63.961063,19.038936614990234,0.22938477849385824
50,75.28281,-25.282806396484375,0.5056561279296875
50,45.688877,4.311122894287109,0.08622245788574219
50,57.531776,-7.531776428222656,0.15063552856445311
58,67.77008,-9.77008056640625,0.16844966493803878
58,63.517456,-5.5174560546875,0.09512855266702586
41,58.38489,-17.384891510009766,0.42402174414657967
100,61.82565,38.17435073852539,0.3817435073852539
50,86.69914,-36.69914245605469,0.7339828491210938
75,75.96846,-0.9684600830078125,0.012912801106770833
50,60.28406,-10.284061431884766,0.2056812286376953
50,76.694405,-26.69440460205078,0.5338880920410156
75,57.04179,17.958209991455078,0.2394427998860677
45,79.08976,-34.089759826660156,0.7575502183702257
83,48.439335,34.560665130615234,0.416393555790545
75,50.80068,24.199321746826172,0.3226576232910156
75,62.515255,12.484745025634766,0.16646326700846353
42,52.79207,-10.792068481445312,0.25695401146298363
100,50.462925,49.53707504272461,0.4953707504272461
50,61.298546,-11.298545837402344,0.22597091674804687
117,96.99185,20.008148193359375,0.17100981361845619
41,51.2004,-10.200401306152344,0.24879027575981327
133,95.01498,37.985023498535156,0.28560168044011397
100,55.803062,44.196937561035156,0.44196937561035154
116,54.664646,61.33535385131836,0.5287530504423996
66,61.26699,4.733009338378906,0.0717122627027107
133,108.303505,24.696495056152344,0.18568793275302514
65,73.67598,-8.675979614257812,0.1334766094501202
75,59.943394,15.05660629272461,0.20075475056966147
41,74.20706,-33.207061767578125,0.8099283357945884
100,72.8934,27.106597900390625,0.2710659790039063
50,63.934414,-13.93441390991211,0.2786882781982422
42,89.78144,-47.78144073486328,1.1376533508300781
95,105.00956,-10.009559631347656,0.10536378559313322
83,105.68441,-22.684410095214844,0.27330614572548007
42,63.10495,-21.104949951171875,0.5024988083612352
75,69.299194,5.7008056640625,0.0760107421875
42,46.567223,-4.567222595214844,0.10874339512416295
100,46.088108,53.91189193725586,0.5391189193725586
83,66.04303,16.95697021484375,0.2043008459619729
41,58.13325,-17.133251190185547,0.4178841753703792
50,69.7348,-19.73480224609375,0.394696044921875
66,70.34008,-4.340080261230469,0.06575879183682529
75,67.24351,7.756492614746094,0.10341990152994791
125,87.830864,37.16913604736328,0.2973530883789062
50,62.570007,-12.57000732421875,0.251400146484375
75,84.76095,-9.760948181152344,0.1301459757486979
100,59.996677,40.00332260131836,0.4000332260131836
50,53.938473,-3.9384727478027344,0.07876945495605468
67,48.561134,18.438865661621094,0.27520695017344915
67,64.320984,2.67901611328125,0.03998531512360075
66,48.32142,17.67858123779297,0.26785729148171167
50,65.40971,-15.409713745117188,0.30819427490234375
41,60.488503,-19.488502502441406,0.47532932932783917
100,55.86417,44.13582992553711,0.44135829925537107
75,57.641083,17.358917236328125,0.23145222981770833
50,63.370235,-13.370235443115234,0.26740470886230466
50,61.26516,-11.265159606933594,0.22530319213867187
75,53.14374,21.856258392333984,0.29141677856445314
100,79.77094,20.22905731201172,0.2022905731201172
66,47.335094,18.664905548095703,0.2828015992135713
41,55.59224,-14.592239379882812,0.3559082775581174
66,46.158344,19.841655731201172,0.300631147442442
108,75.84233,32.15766906738281,0.2977561950683594
50,91.136566,-41.136566162109375,0.8227313232421875
50,54.964184,-4.964183807373047,0.09928367614746093
42,46.94452,-4.94451904296875,0.11772664388020833
100,55.197483,44.80251693725586,0.4480251693725586
50,66.03268,-16.032676696777344,0.32065353393554685
49,54.24198,-5.241981506347656,0.10697921441525829
83,66.496086,16.50391387939453,0.19884233589631967
42,46.213284,-4.213283538818359,0.10031627473377046
96,60.826027,35.173973083496094,0.3663955529530843
75,56.537373,18.462627410888672,0.24616836547851562
50,74.12973,-24.129730224609375,0.4825946044921875
58,68.6583,-10.658302307128906,0.18376383288153286
66,68.945786,-2.9457855224609375,0.04463311397668087
75,63.81427,11.18572998046875,0.14914306640625
46,62.398945,-16.398944854736328,0.35649880118992017
50,59.05355,-9.053550720214844,0.18107101440429688
41,43.0259,-2.0259017944335938,0.04941223888862424
108,72.74498,35.25502014160156,0.32643537168149594
50,50.72727,-0.7272682189941406,0.014545364379882813
100,56.405293,43.59470748901367,0.43594707489013673
100,58.62176,41.378238677978516,0.4137823867797852
83,62.169212,20.830787658691406,0.25097334528543863
100,77.069115,22.930885314941406,0.22930885314941407
41,60.19104,-19.1910400390625,0.4680741472942073
50,56.25891,-6.2589111328125,0.12517822265625
50,44.464733,5.535266876220703,0.11070533752441407
75,61.276817,13.723182678222656,0.18297576904296875
42,63.445614,-21.445613861083984,0.510609853835333
75,64.901024,10.098976135253906,0.13465301513671876
58,44.016342,13.983657836914062,0.24109754891231142
119,60.35833,58.64167022705078,0.49278714476513263
66,67.96953,-1.9695281982421875,0.029841336337002842
50,98.016136,-48.016136169433594,0.9603227233886719
50,88.3633,-38.36329650878906,0.7672659301757813
50,50.75785,-0.7578506469726562,0.015157012939453126
100,58.850586,41.1494140625,0.411494140625
50,57.45106,-7.451061248779297,0.14902122497558593
58,69.12375,-11.123748779296875,0.19178877205684267
50,87.11213,-37.11212921142578,0.7422425842285156
42,49.43645,-7.436450958251953,0.17705835614885604
100,92.95489,7.045112609863281,0.07045112609863281
125,79.83863,45.16136932373047,0.3612909545898437
41,65.26845,-24.268447875976562,0.5919133628286967
59,63.20854,-4.2085418701171875,0.07133121813757945
75,63.627865,11.372135162353516,0.1516284688313802
50,73.66403,-23.664031982421875,0.4732806396484375
59,62.431133,-3.431133270263672,0.05815480119090969
41,77.42794,-36.427940368652344,0.8884863504549352
50,59.575706,-9.575706481933594,0.19151412963867187
48,48.52176,-0.521759033203125,0.010869979858398438
50,65.354385,-15.354385375976562,0.30708770751953124
41,70.186066,-29.186065673828125,0.7118552603372713
75,83.75705,-8.757049560546875,0.11676066080729167
100,74.214485,25.78551483154297,0.25785514831542966
50,69.27062,-19.27062225341797,0.38541244506835937
50,46.228848,3.7711524963378906,0.07542304992675782
41,53.093,-12.092998504638672,0.2949511830399676
50,54.13081,-4.130809783935547,0.08261619567871094
83,56.939796,26.060203552246094,0.31397835605115776
141,86.21402,54.785980224609375,0.38855305123836437
75,59.7711,15.228900909423828,0.20305201212565105
133,120.36905,12.630950927734375,0.09496955584762688
50,56.27476,-6.274761199951172,0.12549522399902344
50,65.09607,-15.0960693359375,0.30192138671875
42,48.198456,-6.198455810546875,0.14758228120349703
50,71.67738,-21.677383422851562,0.43354766845703124
58,68.31565,-10.315650939941406,0.17785605068864493
125,51.84611,73.15388870239258,0.5852311096191406
50,69.29671,-19.296707153320312,0.3859341430664063
100,49.125736,50.874263763427734,0.5087426376342773
95,92.132195,2.8678054809570312,0.03018742611533717
41,65.85512,-24.855117797851562,0.6062223853134527
50,58.79907,-8.799068450927734,0.17598136901855468
67,48.735863,18.264137268066406,0.27259906370248366
67,81.58486,-14.584861755371094,0.21768450381150886
59,60.633,-1.6329994201660156,0.027677956274000264
47,44.20268,2.797321319580078,0.059517474884682516
84,62.383545,21.616455078125,0.25733875093005953
50,71.566345,-21.56634521484375,0.431326904296875
58,74.0253,-16.025299072265625,0.2762982598666487
50,49.28068,0.7193183898925781,0.014386367797851563
50,77.48645,-27.4864501953125,0.54972900390625
50,75.30175,-25.30175018310547,0.5060350036621094
50,49.580242,0.4197578430175781,0.008395156860351562
50,57.629807,-7.6298065185546875,0.15259613037109376
108,62.617867,45.38213348388672,0.4202049396656178
75,43.148212,31.851787567138672,0.4246905008951823
58,68.17128,-10.171279907226562,0.1753668949521821
108,99.17853,8.82147216796875,0.0816802978515625
42,46.94452,-4.94451904296875,0.11772664388020833
141,77.27097,63.729026794433594,0.45197891343569924
125,53.644943,71.35505676269531,0.5708404541015625
50,51.52838,-1.52838134765625,0.030567626953125
41,91.56999,-50.56999206542969,1.2334144406202363
50,53.132618,-3.132617950439453,0.06265235900878906
41,74.8772,-33.877197265625,0.8262731040396342
66,71.143974,-5.143974304199219,0.07793900460907907
66,60.76563,5.234371185302734,0.0793086543227687
100,76.87748,23.122520446777344,0.23122520446777345
59,78.143974,-19.14397430419922,0.32447414074913933
50,49.9463,0.053699493408203125,0.0010739898681640626
100,57.817932,42.18206787109375,0.4218206787109375
49,62.9537,-13.95370101928711,0.28476940855687977
50,84.434364,-34.434364318847656,0.6886872863769531
75,68.083336,6.916664123535156,0.09222218831380208
50,46.30165,3.6983489990234375,0.07396697998046875
75,108.68748,-33.687477111816406,0.4491663614908854
50,74.62534,-24.625343322753906,0.49250686645507813
75,76.50627,-1.5062713623046875,0.0200836181640625
47,54.401875,-7.401874542236328,0.15748669238800697
50,65.308556,-15.308555603027344,0.30617111206054687
125,52.34377,72.65623092651367,0.5812498474121094
45,61.25867,-16.258670806884766,0.36130379570855037
116,115.91094,0.08905792236328125,0.0007677407100282866
50,51.8246,-1.8246002197265625,0.03649200439453125
75,50.753265,24.246734619140625,0.323289794921875
50,62.623146,-12.623146057128906,0.2524629211425781
83,52.750587,30.249412536621094,0.36445075345326616
66,57.997147,8.002853393554688,0.1212553544477983
75,95.67203,-20.672027587890625,0.2756270345052083
66,62.480957,3.51904296875,0.05331883285984849
41,46.527138,-5.527137756347656,0.13480823795969893
50,68.08365,-18.083648681640625,0.3616729736328125
42,76.448044,-34.44804382324219,0.8201915196010044
58,83.57052,-25.570518493652344,0.44087100851124733
66,66.705284,-0.7052841186523438,0.010686123009883997
42,47.131855,-5.131855010986328,0.12218702407110305
92,89.10636,2.8936386108398438,0.03145259359608526
53,40.14097,12.859031677246094,0.24262323919332252
66,46.58404,19.415958404541016,0.2941811879475911
58,68.16815,-10.16815185546875,0.1753129630253233
50,60.932213,-10.932212829589844,0.21864425659179687
50,50.54009,-0.5400886535644531,0.010801773071289062
58,85.093735,-27.093734741210938,0.46713335760708513
100,51.445538,48.55446243286133,0.4855446243286133
125,49.82491,75.17509078979492,0.6014007263183594
50,51.915604,-1.9156036376953125,0.03831207275390625
50,59.932835,-9.93283462524414,0.19865669250488283
83,64.53787,18.462127685546875,0.22243527331984186
41,68.12168,-27.121681213378906,0.6615044198385099
50,54.563026,-4.563026428222656,0.09126052856445313
75,73.01821,1.9817886352539062,0.026423848470052084
41,60.401405,-19.401405334472656,0.47320500815786964
50,50.357563,-0.3575630187988281,0.007151260375976563
50,51.109573,-1.1095733642578125,0.02219146728515625
50,108.13286,-58.13285827636719,1.1626571655273437
75,62.884727,12.115272521972656,0.1615369669596354
111,92.9416,18.05840301513672,0.16268831545168216
42,82.81023,-40.81022644042969,0.9716720581054688
50,42.270317,7.729682922363281,0.15459365844726564
50,77.866974,-27.866973876953125,0.5573394775390625
75,62.127407,12.87259292602539,0.17163457234700522
84,56.58958,27.410419464111328,0.32631451742989676
59,72.72475,-13.724746704101562,0.2326228254932468
66,55.494003,10.505996704101562,0.15918176824396307
75,88.22274,-13.222740173339844,0.17630320231119792
50,55.757896,-5.757896423339844,0.11515792846679687
117,75.6761,41.32389831542969,0.35319571209768963
58,61.206352,-3.2063522338867188,0.05528193506701239
41,58.453636,-17.453636169433594,0.4256984431569169
41,63.225468,-22.225467681884766,0.5420845776069455
75,52.932114,22.067886352539062,0.29423848470052083
83,52.955914,30.044086456298828,0.3619769452566124
50,64.28781,-14.287811279296875,0.2857562255859375
50,50.60707,-0.6070709228515625,0.01214141845703125
41,70.794914,-29.79491424560547,0.7267052255025724
42,49.78387,-7.783870697021484,0.1853302546909877
75,72.1029,2.8971023559570312,0.038628031412760416
50,71.28675,-21.28675079345703,0.42573501586914064
75,87.509865,-12.509864807128906,0.16679819742838542
75,50.98276,24.01723861694336,0.32022984822591144
83,86.350426,-3.3504257202148438,0.040366574942347515
58,71.84247,-13.84246826171875,0.2386632458917026
100,72.354935,27.645065307617188,0.2764506530761719
50,65.652565,-15.652565002441406,0.31305130004882814
50,68.45597,-18.455970764160156,0.36911941528320313
125,62.12315,62.87685012817383,0.5030148010253906
67,59.40834,7.5916595458984375,0.11330835143131997
41,77.09989,-36.099891662597656,0.8804851625023818
41,74.801025,-33.801025390625,0.8244152534298781
116,82.23919,33.76081085205078,0.29104147286250676
50,62.942417,-12.94241714477539,0.2588483428955078
75,53.021187,21.97881317138672,0.29305084228515627
50,56.47304,-6.473041534423828,0.12946083068847655
50,65.20203,-15.2020263671875,0.30404052734375
50,50.38286,-0.3828582763671875,0.00765716552734375
91,58.72775,32.27225112915039,0.35464012229835595
50,85.127144,-35.12714385986328,0.7025428771972656
83,61.234356,21.765644073486328,0.26223667558417263
50,73.28852,-23.28852081298828,0.4657704162597656
42,38.065388,3.934612274169922,0.09368124462309338
66,88.90828,-22.908279418945312,0.3470951427112926
50,58.638664,-8.638664245605469,0.1727732849121094
50,43.875263,6.124736785888672,0.12249473571777343
100,87.029045,12.970954895019531,0.12970954895019532
67,67.66443,-0.6644287109375,0.009916846431902986
42,47.68011,-5.680110931396484,0.13524073646182105
100,100.91613,-0.9161300659179688,0.009161300659179687
50,67.12336,-17.12335968017578,0.34246719360351563
116,86.13575,29.86425018310547,0.2574504326129782
58,59.40834,-1.4083404541015625,0.02428173196726832
50,66.961525,-16.961524963378906,0.33923049926757814
50,53.624695,-3.62469482421875,0.072493896484375
100,53.696938,46.303062438964844,0.4630306243896484
41,66.94483,-25.94483184814453,0.6328007767840129
100,52.864677,47.13532257080078,0.4713532257080078
100,65.99536,34.004638671875,0.34004638671875
59,55.47837,3.5216293334960938,0.059688632771120236
75,60.040924,14.959075927734375,0.199454345703125
100,69.83182,30.168182373046875,0.30168182373046876
92,83.80146,8.198539733886719,0.08911456232485564
141,145.83397,-4.8339691162109375,0.034283468909297427
87,53.178677,33.82132339477539,0.3887508436181079
119,57.201218,61.79878234863281,0.5193174987280068
50,70.18335,-20.183349609375,0.4036669921875
50,60.546463,-10.546463012695312,0.21092926025390624
108,113.75005,-5.750053405761719,0.05324123523853443
125,67.04916,57.950843811035156,0.46360675048828126
50,73.68396,-23.6839599609375,0.47367919921875
50,75.07845,-25.078453063964844,0.5015690612792969
75,58.476013,16.52398681640625,0.22031982421875
75,50.666927,24.333072662353516,0.3244409688313802
100,62.907223,37.092777252197266,0.3709277725219727
57,66.39118,-9.391181945800781,0.16475757799650492
125,115.50283,9.497169494628906,0.07597735595703126
143,67.98028,75.01972198486328,0.5246134404535894
100,56.39515,43.60485076904297,0.4360485076904297
92,104.54186,-12.541862487792969,0.13632459225861923
50,72.27458,-22.274581909179688,0.4454916381835938
100,96.4263,3.573699951171875,0.03573699951171875
41,49.882046,-8.88204574584961,0.21663526209389292
50,57.453545,-7.453544616699219,0.14907089233398438
41,41.890865,-0.8908653259277344,0.021728422583603278
108,61.452274,46.547725677490234,0.4309974599767614
117,108.41101,8.5889892578125,0.07341016459668803
50,60.59896,-10.598960876464844,0.21197921752929688
50,76.50168,-26.501678466796875,0.5300335693359375
50,52.444366,-2.444366455078125,0.0488873291015625
58,54.0874,3.9126014709472656,0.06745864605081492
41,49.663654,-8.663654327392578,0.2113086421315263
50,71.361786,-21.361785888671875,0.4272357177734375
125,141.40356,-16.403564453125,0.131228515625
51,86.36787,-35.36786651611328,0.6934875787473193
41,46.44705,-5.447048187255859,0.13285483383550878
50,75.88303,-25.883033752441406,0.5176606750488282
75,88.913864,-13.913864135742188,0.1855181884765625
50,57.078766,-7.078765869140625,0.1415753173828125
75,95.28322,-20.283218383789062,0.27044291178385416
125,48.41961,76.58039093017578,0.6126431274414063
70,60.455154,9.544845581054688,0.13635493687220981
50,61.48163,-11.48162841796875,0.229632568359375
41,49.1986,-8.198600769042969,0.19996587241568217
50,36.33269,13.667308807373047,0.27334617614746093
91,73.6532,17.3468017578125,0.1906241951407967
50,62.57465,-12.574649810791016,0.25149299621582033
75,83.561775,-8.561775207519531,0.11415700276692708
83,53.683132,29.31686782836914,0.3532152750405921
75,63.51133,11.488670349121094,0.15318227132161458
84,106.88488,-22.88488006591797,0.27243904840378536
50,57.01047,-7.010471343994141,0.1402094268798828
75,47.00977,27.990230560302734,0.3732030741373698
100,96.87476,3.1252365112304688,0.03125236511230469
142,72.20276,69.7972412109375,0.49152986768265844
75,63.445778,11.554222106933594,0.1540562947591146
41,72.08621,-31.086212158203125,0.7582002965415396
50,46.564495,3.435504913330078,0.06871009826660156
58,59.04224,-1.0422401428222656,0.01796965763486665
50,73.06177,-23.061767578125,0.4612353515625
50,57.677868,-7.677867889404297,0.15355735778808594
125,77.604294,47.39570617675781,0.3791656494140625
100,79.181,20.819000244140625,0.20819000244140626
42,53.033825,-11.033824920654297,0.2627101171584356
50,66.57212,-16.572120666503906,0.3314424133300781
100,78.50215,21.497848510742188,0.21497848510742187
41,82.5425,-41.542503356933594,1.0132317891935023
50,68.65433,-18.654327392578125,0.3730865478515625
48,67.385185,-19.38518524169922,0.4038580258687337
42,48.581623,-6.581623077392578,0.15670531136648996
41,42.675404,-1.6754035949707031,0.040863502316358616
75,47.53163,27.468368530273438,0.36624491373697915
83,68.661804,14.33819580078125,0.17274934699736447
50,43.896137,6.103862762451172,0.12207725524902344
50,55.754807,-5.7548065185546875,0.11509613037109374
50,60.310566,-10.310565948486328,0.20621131896972655
50,42.32137,7.678630828857422,0.15357261657714844
50,70.49309,-20.493087768554688,0.40986175537109376
75,50.377876,24.62212371826172,0.32829498291015624
50,52.332703,-2.33270263671875,0.046654052734375
108,68.074524,39.92547607421875,0.36968033402054395
75,76.99772,-1.9977188110351562,0.026636250813802085
50,57.549496,-7.549495697021484,0.15098991394042968
41,51.069454,-10.069454193115234,0.24559644373451792
75,62.61622,12.383781433105469,0.16511708577473957
59,93.10646,-34.10646057128906,0.5780756029032045
41,96.295166,-55.295166015625,1.3486625857469512
50,67.88613,-17.886131286621094,0.35772262573242186
109,103.28371,5.7162933349609375,0.05244305811890768
75,65.455666,9.544334411621094,0.12725779215494792
66,91.419014,-25.41901397705078,0.38513657540986035
50,65.67085,-15.670852661132812,0.31341705322265623
59,56.465057,2.534942626953125,0.04296512927039195
100,65.861984,34.13801574707031,0.3413801574707031
50,56.22901,-6.229011535644531,0.12458023071289062
141,104.41404,36.585960388183594,0.2594748963700964
125,110.15139,14.848609924316406,0.11878887939453125
50,66.499214,-16.49921417236328,0.3299842834472656
50,60.235546,-10.235546112060547,0.20471092224121093
50,71.01595,-21.015953063964844,0.42031906127929686
75,100.4997,-25.49970245361328,0.33999603271484374
83,42.594234,40.405765533447266,0.48681645221020803
50,61.743305,-11.743305206298828,0.23486610412597655
66,55.846268,10.153732299804688,0.1538444287849195
125,51.79214,73.20785903930664,0.5856628723144531
58,67.80002,-9.800018310546875,0.16896583294046336
50,54.886066,-4.886066436767578,0.09772132873535157
50,66.31023,-16.310226440429688,0.32620452880859374
50,52.931923,-2.9319229125976562,0.05863845825195312
100,80.7437,19.256301879882812,0.19256301879882812
100,56.614212,43.38578796386719,0.4338578796386719
67,60.640728,6.359272003173828,0.09491450751005713
59,64.65604,-5.656036376953125,0.09586502333818855
83,58.114384,24.885616302490234,0.2998267024396414
83,67.47562,15.524383544921875,0.18704076560146837
50,71.143936,-21.143936157226562,0.42287872314453123
116,82.25702,33.74298095703125,0.2908877668709591
50,62.216164,-12.216163635253906,0.24432327270507812
50,60.98116,-10.981159210205078,0.21962318420410157
100,58.678238,41.32176208496094,0.4132176208496094
100,73.90953,26.090469360351562,0.26090469360351565
100,52.447414,47.55258560180664,0.4755258560180664
67,53.00614,13.993858337402344,0.20886355727466185
59,54.7408,4.2592010498046875,0.07218984830177437
50,68.98827,-18.98827362060547,0.3797654724121094
41,50.593952,-9.593952178955078,0.23399883363305068
50,82.384796,-32.384796142578125,0.6476959228515625
50,88.10127,-38.10127258300781,0.7620254516601562
58,57.46468,0.5353202819824219,0.009229660034179688
66,41.501873,24.498126983642578,0.3711837421764027
41,64.75253,-23.752532958984375,0.5793300721703506
59,51.890068,7.109931945800781,0.12050732111526748
50,62.892776,-12.892776489257812,0.25785552978515625
75,62.498,12.501998901367188,0.16669331868489584
50,50.827118,-0.827117919921875,0.0165423583984375
75,68.678406,6.32159423828125,0.08428792317708333
50,57.854313,-7.854312896728516,0.15708625793457032
50,49.907024,0.09297561645507812,0.0018595123291015624
50,65.10451,-15.104507446289062,0.30209014892578123
80,89.559235,-9.559234619140625,0.11949043273925782
50,49.239365,0.7606353759765625,0.01521270751953125
59,67.082115,-8.082115173339844,0.13698500293796345
58,40.81014,17.189861297607422,0.2963769189242659
100,80.72866,19.271339416503906,0.19271339416503908
50,68.99285,-18.99285125732422,0.3798570251464844
75,63.76319,11.236808776855469,0.14982411702473958
41,57.105568,-16.105567932128906,0.3928187300519245
50,72.51909,-22.519088745117188,0.45038177490234377
50,78.72073,-28.720733642578125,0.5744146728515624
125,50.9927,74.0073013305664,0.5920584106445312
66,65.51056,0.48944091796875,0.007415771484375
50,66.61707,-16.61707305908203,0.33234146118164065
50,50.34833,-0.3483314514160156,0.0069666290283203125
41,69.49422,-28.494216918945312,0.6949809004620808
59,60.88542,-1.8854217529296875,0.03195630089711335
42,57.26158,-15.261581420898438,0.3633709862118676
50,56.781227,-6.781227111816406,0.13562454223632814
59,73.348366,-14.348365783691406,0.24319264040154925
50,90.354355,-40.35435485839844,0.8070870971679688
75,59.81654,15.183460235595703,0.20244613647460938
50,59.916985,-9.916984558105469,0.19833969116210937
100,53.81674,46.18326187133789,0.4618326187133789
50,71.531105,-21.531105041503906,0.4306221008300781
44,44.900715,-0.9007148742675781,0.020470792596990414
75,66.71783,8.282173156738281,0.11042897542317709
50,49.53511,0.4648895263671875,0.00929779052734375
53,56.485134,-3.4851341247558594,0.06575724763690301
75,50.573887,24.42611312866211,0.3256815083821615
100,82.74955,17.250450134277344,0.17250450134277343
50,57.54108,-7.541080474853516,0.15082160949707032
41,63.09573,-22.09572982788086,0.5389202397044112
50,70.49583,-20.495826721191406,0.40991653442382814
67,78.51433,-11.514328002929688,0.17185564183477145
100,121.86867,-21.868667602539062,0.21868667602539063
75,71.14572,3.854278564453125,0.051390380859375
100,82.47422,17.525779724121094,0.17525779724121093
50,61.91565,-11.9156494140625,0.23831298828125
59,72.69313,-13.693130493164062,0.2320869575112553
42,51.018,-9.018001556396484,0.21471432277134486
100,68.726906,31.273094177246094,0.3127309417724609
75,75.84706,-0.8470611572265625,0.011294148763020833
75,72.10517,2.8948287963867188,0.03859771728515625
50,73.01852,-23.018516540527344,0.4603703308105469
48,78.124825,-30.12482452392578,0.6276005109151205
50,54.167847,-4.1678466796875,0.08335693359375
108,46.116344,61.8836555480957,0.5729968106305158
84,76.73879,7.261207580566406,0.08644294738769531
72,83.22791,-11.227912902832031,0.155943234761556
100,70.495316,29.504684448242188,0.29504684448242186
109,68.076866,40.923133850097656,0.3754415949550244
50,59.34129,-9.341289520263672,0.18682579040527345
50,90.14991,-40.14990997314453,0.8029981994628906
50,51.788532,-1.7885322570800781,0.03577064514160156
50,67.26516,-17.265159606933594,0.3453031921386719
50,66.65097,-16.650970458984375,0.3330194091796875
50,46.27889,3.721111297607422,0.07442222595214844
50,86.89057,-36.89057159423828,0.7378114318847656
66,60.398163,5.601837158203125,0.08487632057883522
42,53.783455,-11.783454895019531,0.2805584498814174
50,57.2306,-7.230598449707031,0.14461196899414064
50,67.76557,-17.76557159423828,0.3553114318847656
50,58.30389,-8.303890228271484,0.1660778045654297
41,55.364105,-14.364105224609375,0.35034402986852137
50,62.623146,-12.623146057128906,0.2524629211425781
100,60.013706,39.98629379272461,0.3998629379272461
50,55.43806,-5.438060760498047,0.10876121520996093
84,67.92592,16.074081420898438,0.19135811215355283
100,103.97221,-3.9722137451171875,0.039722137451171875
41,59.76607,-18.766071319580078,0.45770905657512384
100,109.80381,-9.803810119628906,0.09803810119628906
108,85.52267,22.477333068847656,0.208123454341182
60,59.029285,0.9707145690917969,0.01617857615152995
41,75.66092,-34.660919189453125,0.8453882729134908
50,51.37547,-1.3754692077636719,0.027509384155273438
50,59.311745,-9.311744689941406,0.18623489379882813
75,60.853493,14.146507263183594,0.1886200968424479
50,44.704247,5.295753479003906,0.10591506958007812
72,88.05406,-16.054061889648438,0.22297308180067274
42,71.43087,-29.430870056152344,0.7007350013369605
50,68.63546,-18.635459899902344,0.37270919799804686
80,59.195496,20.80450439453125,0.2600563049316406
41,63.85334,-22.85334014892578,0.557398540217702
117,72.50617,44.49382781982422,0.3802891266651643
58,70.160286,-12.160285949707031,0.20966010258115572
125,74.282616,50.717384338378906,0.40573907470703124
42,54.604397,-12.60439682006836,0.3001046861921038
41,55.776783,-14.776782989501953,0.36040934120736473
92,49.01296,42.98704147338867,0.46725045079770294
66,50.303555,15.69644546508789,0.23782493128921045
43,66.39228,-23.39228057861328,0.5440065250840298
50,71.004196,-21.004196166992188,0.42008392333984373
75,57.83272,17.167278289794922,0.22889704386393228
82,48.561134,33.438865661621094,0.4077910446539158
100,85.69688,14.303123474121094,0.14303123474121093
66,70.10919,-4.10919189453125,0.06226048325047349
50,73.26612,-23.26612091064453,0.4653224182128906
49,49.420597,-0.4205970764160156,0.008583613804408483
75,53.78521,21.21479034423828,0.2828638712565104
66,63.16502,2.834980010986328,0.04295424259070194
108,102.531235,5.4687652587890625,0.05063671535915799
50,57.214138,-7.214138031005859,0.1442827606201172
75,70.138824,4.861175537109375,0.064815673828125
41,90.006325,-49.006324768066406,1.1952762138552782
133,105.42089,27.57910919189453,0.2073617232473273
50,66.067375,-16.06737518310547,0.3213475036621094
75,60.654278,14.345722198486328,0.1912762959798177
75,55.872746,19.127254486083984,0.25503005981445315
41,75.423294,-34.42329406738281,0.839592538228849
50,58.790478,-8.790477752685547,0.17580955505371093
50,34.124264,15.875736236572266,0.3175147247314453
58,59.90161,-1.901611328125,0.03278640220905173
50,68.493286,-18.4932861328125,0.36986572265625
50,74.91021,-24.91020965576172,0.4982041931152344
41,48.3926,-7.392601013183594,0.1803073417849657
58,76.545876,-18.545875549316406,0.3197564749882139
50,45.744705,4.2552947998046875,0.08510589599609375
50,67.77833,-17.77832794189453,0.3555665588378906
100,99.314026,0.68597412109375,0.0068597412109375
67,73.02715,-6.027153015136719,0.08995750768860775
50,58.788857,-8.788856506347656,0.17577713012695312
125,100.9042,24.095802307128906,0.19276641845703124
83,73.906906,9.093093872070312,0.10955534785626883
75,56.94152,18.05847930908203,0.24077972412109375
50,53.958805,-3.9588050842285156,0.07917610168457032
42,58.15035,-16.150348663330078,0.3845321110316685
45,58.24734,-13.24734115600586,0.2943853590223524
50,60.556152,-10.55615234375,0.211123046875
100,71.79856,28.201438903808594,0.28201438903808596
50,74.666595,-24.666595458984375,0.4933319091796875
83,61.692303,21.307697296142578,0.2567192445318383
50,58.015285,-8.01528549194336,0.1603057098388672
45,64.80541,-19.80541229248047,0.44012027316623265
50,44.504684,5.4953155517578125,0.10990631103515625
75,76.0145,-1.0145034790039062,0.013526713053385417
84,65.01464,18.98535919189453,0.2260161808558873
41,75.77935,-34.77935028076172,0.8482768361161395
50,60.362755,-10.362754821777344,0.20725509643554688
50,56.974594,-6.9745941162109375,0.13949188232421875
66,53.06946,12.930538177490234,0.1959172451134884
50,56.85335,-6.853351593017578,0.13706703186035157
50,44.035843,5.9641571044921875,0.11928314208984375
50,73.70312,-23.70311737060547,0.4740623474121094
50,83.69959,-33.69959259033203,0.6739918518066407
50,57.87768,-7.877681732177734,0.15755363464355468
58,72.1004,-14.10040283203125,0.24311039365571122
75,65.03272,9.967277526855469,0.13289703369140626
50,72.4872,-22.487197875976562,0.4497439575195312
116,85.58223,30.417770385742188,0.26222215849777747
50,84.21982,-34.219818115234375,0.6843963623046875
50,55.078773,-5.078773498535156,0.10157546997070313
50,61.256203,-11.256202697753906,0.22512405395507812
50,60.35016,-10.35015869140625,0.207003173828125
42,55.206905,-13.206905364990234,0.31445012773786274
95,53.333763,41.666236877441406,0.43859196713096216
50,53.84059,-3.8405914306640625,0.07681182861328124
75,74.69521,0.30478668212890625,0.0040638224283854165
50,64.1708,-14.170799255371094,0.2834159851074219
41,53.675694,-12.67569351196289,0.3091632563893388
58,105.96084,-47.960838317871094,0.8269110054805361
83,90.55069,-7.550689697265625,0.09097216502729669
50,60.84133,-10.841331481933594,0.21682662963867189
75,70.043434,4.956565856933594,0.06608754475911459
100,81.332726,18.667274475097656,0.18667274475097656
75,84.72952,-9.729522705078125,0.12972696940104167
83,67.61587,15.384132385253906,0.18535099259342055
98,134.04102,-36.041015625,0.36776546556122447
50,46.94452,3.05548095703125,0.061109619140625
100,99.96788,0.0321197509765625,0.000321197509765625
50,57.31566,-7.3156585693359375,0.14631317138671876
50,69.046745,-19.04674530029297,0.3809349060058594
117,79.362305,37.6376953125,0.321689703525641
134,59.837532,74.16246795654297,0.553451253407037
75,70.113846,4.8861541748046875,0.06514872233072917
50,44.355595,5.644405364990234,0.11288810729980468
50,62.57465,-12.574649810791016,0.25149299621582033
50,50.73921,-0.7392082214355469,0.014784164428710937
72,60.589043,11.410957336425781,0.1584855185614692
100,84.21851,15.781486511230469,0.1578148651123047
50,95.45606,-45.45606231689453,0.9091212463378906
75,49.430637,25.56936264038086,0.3409248352050781
59,77.40143,-18.40142822265625,0.3118886139433263
50,63.824978,-13.82497787475586,0.2764995574951172
50,76.24779,-26.247787475585938,0.5249557495117188
50,58.79925,-8.799251556396484,0.17598503112792968
75,73.92537,1.0746307373046875,0.014328409830729166
50,47.591488,2.4085121154785156,0.048170242309570316
84,59.845882,24.154117584228516,0.2875490188598633
50,48.150677,1.8493232727050781,0.036986465454101565
50,54.77984,-4.779838562011719,0.09559677124023437
50,50.956936,-0.9569358825683594,0.01913871765136719
50,54.285763,-4.285762786865234,0.0857152557373047
111,68.47942,42.52057647705078,0.38306825655000704
50,42.759438,7.240562438964844,0.14481124877929688
75,52.660847,22.339153289794922,0.2978553771972656
50,57.909588,-7.909587860107422,0.15819175720214843
41,50.818775,-9.818775177001953,0.23948232139029155
41,75.64152,-34.641517639160156,0.8449150643697599
75,55.33124,19.668758392333984,0.26225011189778646
58,78.258095,-20.258094787597656,0.3492774963378906
100,68.22001,31.779991149902344,0.3177999114990234
75,54.737793,20.26220703125,0.27016276041666665
75,43.09291,31.907089233398438,0.4254278564453125
100,69.641716,30.35828399658203,0.3035828399658203
50,59.712345,-9.712345123291016,0.19424690246582033
66,67.04114,-1.0411376953125,0.015774813565340908
50,60.453773,-10.453773498535156,0.20907546997070312
41,52.98535,-11.9853515625,0.29232564786585363
75,78.00588,-3.0058822631835938,0.04007843017578125
50,75.55348,-25.553482055664062,0.5110696411132812
58,60.739086,-2.739086151123047,0.04722562329522494
50,49.867805,0.13219451904296875,0.002643890380859375
116,104.92082,11.079177856445312,0.09551015393487339
75,75.19941,-0.19940948486328125,0.0026587931315104167
41,44.688732,-3.688732147216797,0.08996907676138528
50,94.376976,-44.376976013183594,0.8875395202636719
100,63.828384,36.17161560058594,0.3617161560058594
75,59.088417,15.911582946777344,0.2121544392903646
50,61.744625,-11.744625091552734,0.2348925018310547
50,71.96251,-21.962509155273438,0.43925018310546876
50,63.497475,-13.497474670410156,0.2699494934082031
75,65.67811,9.321891784667969,0.12429189046223958
42,50.887554,-8.887554168701172,0.21160843258812315
